environment,run,operations_per_second,mib_per_sec,avg_latency_ms
VM,1,46601.16,46601.16,0.08
VM,2,47726.47,47726.47,0.08
VM,3,45701.67,45701.67,0.08
VM,4,47569.59,47569.59,0.08
VM,5,42887.12,42887.12,0.09
VM,6,42883.86,42883.86,0.09
VM,7,43820.02,43820.02,0.09
VM,8,39777.74,39777.74,0.1
VM,9,45993.21,45993.21,0.08
VM,10,48538.39,48538.39,0.08
Container,1,39467.93,39467.93,0.09
Container,2,40889.15,40889.15,0.09
Container,3,39884.04,39884.04,0.1
Container,4,42291.87,42291.87,0.09
Container,5,34929.85,34929.85,0.11
Container,6,34830.81,34830.81,0.1
Container,7,40812.29,40812.29,0.08
Container,8,49833.29,49833.29,0.08
Container,9,41510.13,41510.13,0.09
Container,10,41381.26,41381.26,0.09
